VDF,VDF_TYPE,FT,AT,period,CUT_OFF_SPD,ULT_CAP,K_CRI,FFS,mm,peak_factor,alpha,beta,per_error,per_error_demand
"(1, 1)",101,1,1,0600_0900,45.1370517859536,1003.187843229424,22.225373690481273,51.84885714285702,9.999999990377923,6.827326300992648,0.14999999999999997,6.22,16.5079811344172,7.327065696365437e-17
"(1, 1)",101,1,1,0900_1400,45.1370517859536,1003.187843229424,22.225373690481273,51.84885714285702,9.999999990377923,10.544213290686823,0.14999999999999997,5.269999999999999,15.903265351344572,3.4275037908827533e-17
"(1, 1)",101,1,1,1400_1800,45.1370517859536,1003.187843229424,22.225373690481273,51.84885714285702,9.999999990377923,9.505081851911502,0.15999999999999998,5.130000000000001,1.3014311809558365,5.4600667714483224e-17
"(1, 1)",101,1,1,1800_0600,45.1370517859536,1003.187843229424,22.225373690481273,51.84885714285702,9.999999990377923,8.272497297026753,0.14999999999999997,4.28,1.697692626130396,0.0
