VDF,VDF_TYPE,FT,AT,period,CUT_OFF_SPD,ULT_CAP,K_CRI,FFS,mm,peak_factor,alpha,beta,per_error,per_error_demand
"(1, 1)",101,1,1,0600_0900,45.137051784638345,1031.4629651206938,22.85180188644344,51.84885714285448,9.999999988279512,6.2489956772746424,0.15,6.02,21.236104498147657,2.5967756446234823e-17
"(1, 1)",101,1,1,0900_1400,45.137051784638345,1031.4629651206938,22.85180188644344,51.84885714285448,9.999999988279512,11.151780911807853,0.15,4.58,0.4090088644476144,6.443588284343007e-17
"(1, 1)",101,1,1,1400_1800,45.137051784638345,1031.4629651206938,22.85180188644344,51.84885714285448,9.999999988279512,6.8428001838151165,0.15,4.59,6.856774907076606,3.853149600766453e-17
"(1, 1)",101,1,1,1800_0600,45.137051784638345,1031.4629651206938,22.85180188644344,51.84885714285448,9.999999988279512,8.387029223132128,0.14999999999999997,4.39,2.3812339265734286,7.356338033746868e-17
